{
  "id": "pf1-sorted-skills",
  "title": "Pathfinder 1e Sorted Skills",
  "description": "Sorts skills alphabetically based on Skill ID allows for custom skills.",
  "authors": [{"name":"CHUNGUS"}],
  "version": "1.1.4",
  "compatibility": {
    "minimum": "10",
    "verified": "11.307"
  },
  "esmodules": ["scripts/module.js"],
  "scripts": ["scripts/sheet-skill-modifications.js"],
  "languages": [
    {
      "lang": "en",
      "name": "English",
      "path": "languages/en.json"
    }
  ],

	"manifest": "https://raw.githubusercontent.com/kukubara23/pf1eSortedSkills/main/module.json",
	"download": "https://github.com/kukubara23/pf1eSortedSkills/raw/main/pf1-sorted-skills.zip",
	"url": "https://github.com/kukubara23/pf1eSortedSkills"

}
